"","ListenerID","ListenerError","ListenerError_z"
"1","L243",51,2.27726265041605
"2","L250",70,3.45560378397806
"3","L251",75,3.76569355596807
"4","L257",60.3333333333333,2.85609689146405
"5","L285",55.3333333333333,2.54600711947405
"6","L315",54.3333333333333,2.48398916507605
"7","L357",78,3.95174741916207
